Activity ID,Activity Name,Location,Price Level,Num Reviews,Hours of Operations,Address,Tags,Min Age,Max Age,Min Group Size,Max Group Size,Event Duration
1,mission x escape,"{'lat': 35.96498130000001, 'lng': -78.96251529999999}",2,312,"[{'close': {'day': 0, 'time': '1900'}, 'open': {'day': 0, 'time': '1400'}}, {'close': {'day': 4, 'time': '2000'}, 'open': {'day': 4, 'time': '1500'}}, {'close': {'day': 5, 'time': '2000'}, 'open': {'day': 5, 'time': '1500'}}, {'close': {'day': 6, 'time': '2000'}, 'open': {'day': 6, 'time': '1400'}}]","3400 Westgate Dr #8, Durham, NC 27707, USA","['Adventure', 'Game', 'Indoor', 'Family-Friendly', 'Low', 'Budget-Friendly', 'Year-Round']",8,100,2,8,1
2,bull city escape,"{'lat': 36.0070876, 'lng': -78.9231176}",2,1467,"[{'close': {'day': 0, 'time': '1700'}, 'open': {'day': 0, 'time': '1200'}}, {'close': {'day': 4, 'time': '2100'}, 'open': {'day': 4, 'time': '1630'}}, {'close': {'day': 5, 'time': '2130'}, 'open': {'day': 5, 'time': '1500'}}, {'close': {'day': 6, 'time': '2130'}, 'open': {'day': 6, 'time': '1200'}}]","2020 W Main St Suite 300, Durham, NC 27705, USA","['Adventure', 'Game', 'Indoor', 'Family-Friendly', 'Low', 'Budget-Friendly', 'Year-Round']",8,100,2,8,1
3,nc escape,"{'lat': 35.9964428, 'lng': -78.9004942}",2,440,"[{'close': {'day': 0, 'time': '2000'}, 'open': {'day': 0, 'time': '1100'}}, {'close': {'day': 1, 'time': '2030'}, 'open': {'day': 1, 'time': '1430'}}, {'close': {'day': 4, 'time': '2030'}, 'open': {'day': 4, 'time': '1430'}}, {'close': {'day': 5, 'time': '2030'}, 'open': {'day': 5, 'time': '1430'}}, {'close': {'day': 6, 'time': '2030'}, 'open': {'day': 6, 'time': '1100'}}]","119 Orange St #101, Durham, NC 27701, USA","['Adventure', 'Game', 'Indoor', 'Family-Friendly', 'Low', 'Budget-Friendly', 'Year-Round']",10,100,2,8,1
4,escape on purpose,"{'lat': 35.91719809999999, 'lng': -78.9626998}",2,297,"[{'close': {'day': 0, 'time': '1730'}, 'open': {'day': 0, 'time': '1100'}}, {'close': {'day': 1, 'time': '1700'}, 'open': {'day': 1, 'time': '1000'}}, {'close': {'day': 2, 'time': '1700'}, 'open': {'day': 2, 'time': '1000'}}, {'close': {'day': 3, 'time': '1700'}, 'open': {'day': 3, 'time': '1000'}}, {'close': {'day': 4, 'time': '2200'}, 'open': {'day': 4, 'time': '1000'}}, {'close': {'day': 5, 'time': '2200'}, 'open': {'day': 5, 'time': '1000'}}, {'close': {'day': 6, 'time': '2200'}, 'open': {'day': 6, 'time': '1200'}}]","7072 NC-751 STE 102, Durham, NC 27713, USA","['Adventure', 'Game', 'Indoor', 'Family-Friendly', 'Low', 'Budget-Friendly', 'Year-Round']",8,100,2,8,1
5,tar heel escapes,"{'lat': 35.9130305, 'lng': -79.0577084}",2,805,"[{'close': {'day': 0, 'time': '1700'}, 'open': {'day': 0, 'time': '1200'}}, {'close': {'day': 4, 'time': '2100'}, 'open': {'day': 4, 'time': '1600'}}, {'close': {'day': 5, 'time': '2300'}, 'open': {'day': 5, 'time': '1600'}}, {'close': {'day': 6, 'time': '2300'}, 'open': {'day': 6, 'time': '1200'}}]","140 W Franklin St Suite 170, Chapel Hill, NC 27516, USA","['Adventure', 'Game', 'Indoor', 'Family-Friendly', 'Low', 'Budget-Friendly', 'Year-Round']",10,100,2,8,1
6,chapel thrill escapes,"{'lat': 35.913236, 'lng': -79.0546327}",2,252,"[{'close': {'day': 0, 'time': '1600'}, 'open': {'day': 0, 'time': '1200'}}, {'close': {'day': 4, 'time': '2000'}, 'open': {'day': 4, 'time': '1600'}}, {'close': {'day': 5, 'time': '2000'}, 'open': {'day': 5, 'time': '1600'}}, {'close': {'day': 6, 'time': '2030'}, 'open': {'day': 6, 'time': '1200'}}]","128 E Franklin St, Chapel Hill, NC 27514, USA","['Adventure', 'Game', 'Indoor', 'Family-Friendly', 'Low', 'Budget-Friendly', 'Year-Round']",8,100,2,8,1
7,game on escapes & more boxyard rtp,"{'lat': 35.8966194, 'lng': -78.8727183}",2,356,"[{'close': {'day': 0, 'time': '1800'}, 'open': {'day': 0, 'time': '1200'}}, {'close': {'day': 2, 'time': '2000'}, 'open': {'day': 2, 'time': '1130'}}, {'close': {'day': 3, 'time': '2000'}, 'open': {'day': 3, 'time': '1130'}}, {'close': {'day': 4, 'time': '2000'}, 'open': {'day': 4, 'time': '1130'}}, {'close': {'day': 5, 'time': '2100'}, 'open': {'day': 5, 'time': '1130'}}, {'close': {'day': 6, 'time': '2100'}, 'open': {'day': 6, 'time': '1130'}}]","900 Park Offices Dr Suite#110 Research Triangle Boxyard, Research Triangle Park, NC 27709, USA","['Adventure', 'Game', 'Indoor', 'Family-Friendly', 'Low', 'Budget-Friendly', 'Year-Round']",8,100,2,8,1
8,xtreme escapes,"{'lat': 35.98022859999999, 'lng': -78.7357933}",2,7,"[{'close': {'day': 0, 'time': '1800'}, 'open': {'day': 0, 'time': '1000'}}, {'close': {'day': 1, 'time': '1600'}, 'open': {'day': 1, 'time': '1000'}}, {'close': {'day': 2, 'time': '1600'}, 'open': {'day': 2, 'time': '1000'}}, {'close': {'day': 3, 'time': '1600'}, 'open': {'day': 3, 'time': '1000'}}, {'close': {'day': 4, 'time': '1600'}, 'open': {'day': 4, 'time': '1000'}}, {'close': {'day': 5, 'time': '1600'}, 'open': {'day': 5, 'time': '1000'}}, {'close': {'day': 6, 'time': '1800'}, 'open': {'day': 6, 'time': '1000'}}]","Wake Forest Road, 7460 NC-98 #106, Durham, NC 27703, USA","['Adventure', 'Game', 'Indoor', 'Family-Friendly', 'Low', 'Budget-Friendly', 'Year-Round']",7,100,2,8,1
9,wreck it rage room,"{'lat': 36.0315567, 'lng': -78.9660651}",2,428,"[{'close': {'day': 4, 'time': '2000'}, 'open': {'day': 4, 'time': '1730'}}, {'close': {'day': 5, 'time': '2030'}, 'open': {'day': 5, 'time': '1530'}}, {'close': {'day': 6, 'time': '2030'}, 'open': {'day': 6, 'time': '1400'}}]","4122 Bennett Memorial Rd STE 105, Durham, NC 27705, USA","['Adventure', 'Game', 'Indoor', 'Adults-Only', 'Medium', 'Budget-Friendly', 'Year-Round']",18,100,1,6,1
10,atomic empire,"{'lat': 35.96581430000001, 'lng': -78.96290069999999}",1,1467,"[{'close': {'day': 0, 'time': '1800'}, 'open': {'day': 0, 'time': '1100'}}, {'close': {'day': 1, 'time': '2300'}, 'open': {'day': 1, 'time': '1100'}}, {'close': {'day': 2, 'time': '2300'}, 'open': {'day': 2, 'time': '1100'}}, {'close': {'day': 3, 'time': '2300'}, 'open': {'day': 3, 'time': '1100'}}, {'close': {'day': 4, 'time': '2300'}, 'open': {'day': 4, 'time': '1100'}}, {'close': {'day': 5, 'time': '2300'}, 'open': {'day': 5, 'time': '1100'}}, {'close': {'day': 6, 'time': '2200'}, 'open': {'day': 6, 'time': '1000'}}]","3400 Westgate Dr #14b, Durham, NC 27707, USA","['Entertainment', 'Game', 'Indoor', 'Family-Friendly', 'Low', 'Budget-Friendly', 'Year-Round']",0,100,1,50,5
11,the glass jug beer lab - downtown durham,"{'lat': 36.00130620000001, 'lng': -78.9016322}",1,86,"[{'close': {'day': 0, 'time': '2100'}, 'open': {'day': 0, 'time': '1100'}}, {'close': {'day': 1, 'time': '2100'}, 'open': {'day': 1, 'time': '1400'}}, {'close': {'day': 2, 'time': '2100'}, 'open': {'day': 2, 'time': '1400'}}, {'close': {'day': 3, 'time': '2100'}, 'open': {'day': 3, 'time': '1400'}}, {'close': {'day': 4, 'time': '2300'}, 'open': {'day': 4, 'time': '1400'}}, {'close': {'day': 5, 'time': '2300'}, 'open': {'day': 5, 'time': '1200'}}, {'close': {'day': 6, 'time': '2300'}, 'open': {'day': 6, 'time': '1100'}}]","545 Foster St Suite 10, Durham, NC 27701, USA","['Social', 'Meetup', 'Indoor', 'Adults-Only', 'Low', 'Budget-Friendly', 'Year-Round']",21,100,1,50,2
12,boxcar bar + arcade,"{'lat': 36.003381, 'lng': -78.9016694}",1,1924,"[{'close': {'day': 1, 'time': '0000'}, 'open': {'day': 0, 'time': '1200'}}, {'close': {'day': 2, 'time': '0100'}, 'open': {'day': 1, 'time': '1700'}}, {'close': {'day': 3, 'time': '0100'}, 'open': {'day': 2, 'time': '1700'}}, {'close': {'day': 4, 'time': '0100'}, 'open': {'day': 3, 'time': '1700'}}, {'close': {'day': 5, 'time': '0100'}, 'open': {'day': 4, 'time': '1700'}}, {'close': {'day': 6, 'time': '0100'}, 'open': {'day': 5, 'time': '1600'}}, {'close': {'day': 0, 'time': '0100'}, 'open': {'day': 6, 'time': '1200'}}]","621 Foster St, Durham, NC 27701, USA","['Entertainment', 'Game', 'Indoor', 'Adults-Only', 'Low', 'Budget-Friendly', 'Year-Round']",21,100,1,50,2
13,west end billiards,"{'lat': 35.99780889999999, 'lng': -78.9059832}",2,471,"[{'close': {'day': 1, 'time': '0200'}, 'open': {'day': 0, 'time': '1700'}}, {'close': {'day': 2, 'time': '0200'}, 'open': {'day': 1, 'time': '1700'}}, {'close': {'day': 3, 'time': '0200'}, 'open': {'day': 2, 'time': '1700'}}, {'close': {'day': 4, 'time': '0200'}, 'open': {'day': 3, 'time': '1700'}}, {'close': {'day': 5, 'time': '0200'}, 'open': {'day': 4, 'time': '1700'}}, {'close': {'day': 6, 'time': '0200'}, 'open': {'day': 5, 'time': '1700'}}, {'close': {'day': 0, 'time': '0200'}, 'open': {'day': 6, 'time': '1700'}}]","601 W Main St Suite A, Durham, NC 27701, USA","['Entertainment', 'Game', 'Indoor', 'Adults-Only', 'Low', 'Budget-Friendly', 'Year-Round']",21,100,1,50,3
14,state of golf,"{'lat': 35.993246, 'lng': -78.9044638}",2,48,"[{'close': {'day': 0, 'time': '1800'}, 'open': {'day': 0, 'time': '0900'}}, {'close': {'day': 1, 'time': '2100'}, 'open': {'day': 1, 'time': '1200'}}, {'close': {'day': 2, 'time': '2100'}, 'open': {'day': 2, 'time': '1200'}}, {'close': {'day': 3, 'time': '2100'}, 'open': {'day': 3, 'time': '1200'}}, {'close': {'day': 4, 'time': '2100'}, 'open': {'day': 4, 'time': '1200'}}, {'close': {'day': 5, 'time': '2100'}, 'open': {'day': 5, 'time': '1100'}}, {'close': {'day': 6, 'time': '2100'}, 'open': {'day': 6, 'time': '0900'}}]","318 Blackwell St, Durham, NC 27701, USA","['Entertainment', 'Game', 'Indoor', 'Adults-Only', 'Low', 'Budget-Friendly', 'Year-Round']",21,100,1,50,3
15,angel island fun park,"{'lat': 35.9667892, 'lng': -78.9624973}",1,970,"[{'close': {'day': 0, 'time': '2000'}, 'open': {'day': 0, 'time': '1100'}}, {'close': {'day': 1, 'time': '2000'}, 'open': {'day': 1, 'time': '1000'}}, {'close': {'day': 2, 'time': '2000'}, 'open': {'day': 2, 'time': '1000'}}, {'close': {'day': 3, 'time': '2000'}, 'open': {'day': 3, 'time': '1000'}}, {'close': {'day': 4, 'time': '2000'}, 'open': {'day': 4, 'time': '1000'}}, {'close': {'day': 5, 'time': '2100'}, 'open': {'day': 5, 'time': '1000'}}, {'close': {'day': 6, 'time': '2100'}, 'open': {'day': 6, 'time': '1000'}}]","3330 Westgate Dr, Durham, NC 27707, USA","['Entertainment', 'Game', 'Indoor', 'Family-Friendly', 'Low', 'Budget-Friendly', 'Year-Round']",2,12,1,15,2
16,bowlero durham,"{'lat': 35.96402, 'lng': -78.974335}",2,1207,"[{'close': {'day': 1, 'time': '0000'}, 'open': {'day': 0, 'time': '1200'}}, {'close': {'day': 2, 'time': '0000'}, 'open': {'day': 1, 'time': '1200'}}, {'close': {'day': 3, 'time': '0000'}, 'open': {'day': 2, 'time': '1500'}}, {'close': {'day': 4, 'time': '0000'}, 'open': {'day': 3, 'time': '1200'}}, {'close': {'day': 5, 'time': '0000'}, 'open': {'day': 4, 'time': '1500'}}, {'close': {'day': 6, 'time': '0100'}, 'open': {'day': 5, 'time': '1500'}}, {'close': {'day': 0, 'time': '0100'}, 'open': {'day': 6, 'time': '1200'}}]","4508 Durham-Chapel Hill Blvd, Durham, NC 27707, USA","['Entertainment', 'Game', 'Indoor', 'Family-Friendly', 'Low', 'Budget-Friendly', 'Year-Round']",0,99,1,8,2
17,urban axes - axe throwing,"{'lat': 36.0031294, 'lng': -78.90166289999999}",2,2461,"[{'close': {'day': 0, 'time': '2300'}, 'open': {'day': 0, 'time': '1100'}}, {'close': {'day': 2, 'time': '2300'}, 'open': {'day': 2, 'time': '1100'}}, {'close': {'day': 3, 'time': '2300'}, 'open': {'day': 3, 'time': '1100'}}, {'close': {'day': 4, 'time': '2300'}, 'open': {'day': 4, 'time': '1100'}}, {'close': {'day': 5, 'time': '2300'}, 'open': {'day': 5, 'time': '1100'}}, {'close': {'day': 6, 'time': '2300'}, 'open': {'day': 6, 'time': '1200'}}]","619 Foster St, Durham, NC 27701, USA","['Entertainment', 'Game', 'Indoor', 'Adults-Only', 'Low', 'Budget-Friendly', 'Year-Round']",18,100,2,70,1.5
18,nasher museum of art,"{'lat': 35.998994, 'lng': -78.929035}",1,845,"[{'close': {'day': 0, 'time': '1700'}, 'open': {'day': 0, 'time': '1200'}}, {'close': {'day': 2, 'time': '1700'}, 'open': {'day': 2, 'time': '1000'}}, {'close': {'day': 3, 'time': '1700'}, 'open': {'day': 3, 'time': '1000'}}, {'close': {'day': 4, 'time': '2100'}, 'open': {'day': 4, 'time': '1000'}}, {'close': {'day': 5, 'time': '1700'}, 'open': {'day': 5, 'time': '1000'}}, {'close': {'day': 6, 'time': '1700'}, 'open': {'day': 6, 'time': '1000'}}]","2001 Campus Dr, Durham, NC 27705, USA","['Cultural', 'Workshop', 'Indoor', 'Family-Friendly', 'Low', 'Budget-Friendly', 'Year-Round']",0,100,1,20,2
19,american tobacco campus,"{'lat': 35.9933333, 'lng': -78.9041667}",1,6907,"[{'close': {'day': 0, 'time': '2300'}, 'open': {'day': 0, 'time': '0800'}}, {'close': {'day': 1, 'time': '2300'}, 'open': {'day': 1, 'time': '0800'}}, {'close': {'day': 2, 'time': '2300'}, 'open': {'day': 2, 'time': '0800'}}, {'close': {'day': 3, 'time': '2300'}, 'open': {'day': 3, 'time': '0800'}}, {'close': {'day': 4, 'time': '2300'}, 'open': {'day': 4, 'time': '0800'}}, {'close': {'day': 5, 'time': '2300'}, 'open': {'day': 5, 'time': '0800'}}, {'close': {'day': 6, 'time': '2300'}, 'open': {'day': 6, 'time': '0800'}}]","300 Blackwell St #104, Durham, NC 27701, USA","['Entertainment', 'Seasonal', 'Mixed', 'Family-Friendly', 'Low', 'Free', 'Year-Round']",0,99,1,100,4
20,durham central park,"{'lat': 36.00058291799921, 'lng': -78.90179221539238}",1,1600,"[{'open': {'day': 0, 'time': '0000'}}]","501 Foster St, Durham, NC 27701","['Social', 'Meetup', 'Outdoor', 'Family-Friendly', 'Low', 'Free', 'Year-Round']",0,100,1,100,24
21,sarah p. duke gardens,"{'lat': 36.003793, 'lng': -78.9319269}",1,8261,,"2000 Lewis St, Durham, NC 27705, USA","['Relaxing', 'Seasonal', 'Outdoor', 'Family-Friendly', 'Low', 'Free', 'Year-Round']",0,100,1,20,2
22,museum of durham history,"{'lat': 35.9982755, 'lng': -78.9049802}",1,129,"[{'close': {'day': 0, 'time': '1700'}, 'open': {'day': 0, 'time': '1200'}}, {'close': {'day': 2, 'time': '1700'}, 'open': {'day': 2, 'time': '1000'}}, {'close': {'day': 3, 'time': '1700'}, 'open': {'day': 3, 'time': '1000'}}, {'close': {'day': 4, 'time': '1700'}, 'open': {'day': 4, 'time': '1000'}}, {'close': {'day': 5, 'time': '1700'}, 'open': {'day': 5, 'time': '1000'}}, {'close': {'day': 6, 'time': '1700'}, 'open': {'day': 6, 'time': '1000'}}]","500 W Main St, Durham, NC 27701, USA","['Educational', 'Meetup', 'Indoor', 'Family-Friendly', 'Low', 'Free', 'Year-Round']",0,100,1,20,1.5
23,the can opener bridge,"{'lat': 35.999084, 'lng': -78.91013769999999}",1,129,"[{'open': {'day': 0, 'time': '0000'}}]","201 S Gregson St, Durham, NC 27701, USA","['Entertainment', 'Seasonal', 'Outdoor', 'Family-Friendly', 'Low', 'Free', 'Year-Round']",0,100,1,100,0.5
24,duke lemur center,"{'lat': 35.9941353, 'lng': -78.96040289999999}",2,138,"[{'close': {'day': 0, 'time': '1600'}, 'open': {'day': 0, 'time': '1000'}}, {'close': {'day': 1, 'time': '1600'}, 'open': {'day': 1, 'time': '1000'}}, {'close': {'day': 3, 'time': '1600'}, 'open': {'day': 3, 'time': '1000'}}, {'close': {'day': 4, 'time': '1600'}, 'open': {'day': 4, 'time': '1000'}}, {'close': {'day': 5, 'time': '1600'}, 'open': {'day': 5, 'time': '1000'}}, {'close': {'day': 6, 'time': '1600'}, 'open': {'day': 6, 'time': '1000'}}]","3705 Erwin Rd, Durham, NC 27705, USA","['Educational', 'Meetup', 'Mixed', 'Family-Friendly', 'Low', 'Budget-Friendly', 'Year-Round']",0,100,1,25,2
25,falls lake state recreation area,"{'lat': 36.02295799999999, 'lng': -78.6994326}",1,4259,"[{'close': {'day': 0, 'time': '2000'}, 'open': {'day': 0, 'time': '0800'}}, {'close': {'day': 1, 'time': '2000'}, 'open': {'day': 1, 'time': '0800'}}, {'close': {'day': 2, 'time': '2000'}, 'open': {'day': 2, 'time': '0800'}}, {'close': {'day': 3, 'time': '2000'}, 'open': {'day': 3, 'time': '0800'}}, {'close': {'day': 4, 'time': '2000'}, 'open': {'day': 4, 'time': '0800'}}, {'close': {'day': 5, 'time': '2000'}, 'open': {'day': 5, 'time': '0800'}}, {'close': {'day': 6, 'time': '2000'}, 'open': {'day': 6, 'time': '0800'}}]","13304 Creedmoor Rd, Wake Forest, NC 27587, USA","['Adventure', 'Seasonal', 'Outdoor', 'Family-Friendly', 'Low', 'Free', 'Year-Round']",0,100,1,100,5
26,bennett place,"{'lat': 36.0292635, 'lng': -78.9750957}",1,467,"[{'close': {'day': 2, 'time': '1700'}, 'open': {'day': 2, 'time': '0900'}}, {'close': {'day': 3, 'time': '1700'}, 'open': {'day': 3, 'time': '0900'}}, {'close': {'day': 4, 'time': '1700'}, 'open': {'day': 4, 'time': '0900'}}, {'close': {'day': 5, 'time': '1700'}, 'open': {'day': 5, 'time': '0900'}}, {'close': {'day': 6, 'time': '1700'}, 'open': {'day': 6, 'time': '0900'}}]","4409 Bennett Memorial Rd, Durham, NC 27705, USA","['Cultural', 'Seasonal', 'Outdoor', 'Family-Friendly', 'Low', 'Free', 'Year-Round']",0,100,1,20,2
27,museum of life and science,"{'lat': 36.0293716, 'lng': -78.89944609999999}",2,1765,"[{'close': {'day': 0, 'time': '1700'}, 'open': {'day': 0, 'time': '1000'}}, {'close': {'day': 2, 'time': '1700'}, 'open': {'day': 2, 'time': '1000'}}, {'close': {'day': 3, 'time': '1700'}, 'open': {'day': 3, 'time': '1000'}}, {'close': {'day': 4, 'time': '1700'}, 'open': {'day': 4, 'time': '1000'}}, {'close': {'day': 5, 'time': '1700'}, 'open': {'day': 5, 'time': '1000'}}, {'close': {'day': 6, 'time': '1700'}, 'open': {'day': 6, 'time': '1000'}}]","433 W Murray Ave, Durham, NC 27704, USA","['Educational', 'Seasonal', 'Mixed', 'Family-Friendly', 'Low', 'Budget-Friendly', 'Year-Round']",1,100,1,20,3
28,american dance festival - adf,"{'lat': 36.0092527, 'lng': -78.9199007}",3,10,"[{'close': {'day': 1, 'time': '1700'}, 'open': {'day': 1, 'time': '0900'}}, {'close': {'day': 2, 'time': '1700'}, 'open': {'day': 2, 'time': '0900'}}, {'close': {'day': 3, 'time': '1700'}, 'open': {'day': 3, 'time': '0900'}}, {'close': {'day': 4, 'time': '1700'}, 'open': {'day': 4, 'time': '0900'}}, {'close': {'day': 5, 'time': '1700'}, 'open': {'day': 5, 'time': '0900'}}]","715 Broad St, Durham, NC 27705, USA","['Cultural', 'Festival', 'Mixed', 'Adults-Only', 'Low', 'Budget-Friendly', 'Summer']",0,100,1,10,1.5
29,the carolina theatre,"{'lat': 35.997811, 'lng': -78.9027327}",2,2674,"[{'close': {'day': 0, 'time': '1800'}, 'open': {'day': 0, 'time': '1000'}}, {'close': {'day': 1, 'time': '1800'}, 'open': {'day': 1, 'time': '1000'}}, {'close': {'day': 2, 'time': '1800'}, 'open': {'day': 2, 'time': '1000'}}, {'close': {'day': 3, 'time': '1800'}, 'open': {'day': 3, 'time': '1000'}}, {'close': {'day': 4, 'time': '1800'}, 'open': {'day': 4, 'time': '1000'}}, {'close': {'day': 5, 'time': '1800'}, 'open': {'day': 5, 'time': '1000'}}, {'close': {'day': 6, 'time': '1800'}, 'open': {'day': 6, 'time': '1000'}}]","309 W Morgan St, Durham, NC 27701, USA","['Cultural', 'Concert', 'Indoor', 'Family-Friendly', 'Low', 'Budget-Friendly', 'Year-Round']",0,100,1,10,2
30,occoneechee mountain state natural area,"{'lat': 36.0606205, 'lng': -79.11710839999999}",1,946,"[{'close': {'day': 0, 'time': '2100'}, 'open': {'day': 0, 'time': '0800'}}, {'close': {'day': 1, 'time': '2100'}, 'open': {'day': 1, 'time': '0800'}}, {'close': {'day': 2, 'time': '2100'}, 'open': {'day': 2, 'time': '0800'}}, {'close': {'day': 3, 'time': '2100'}, 'open': {'day': 3, 'time': '0800'}}, {'close': {'day': 4, 'time': '2100'}, 'open': {'day': 4, 'time': '0800'}}, {'close': {'day': 5, 'time': '2100'}, 'open': {'day': 5, 'time': '0800'}}, {'close': {'day': 6, 'time': '2100'}, 'open': {'day': 6, 'time': '0800'}}]","625 Virginia Cates Rd, Hillsborough, NC 27278, USA","['Adventure', 'Seasonal', 'Outdoor', 'Family-Friendly', 'Medium', 'Free', 'Year-Round']",0,100,1,20,2
31,old cheek road bridge,"{'lat': 36.04825160000001, 'lng': -78.7484711}",1,14,,"5111 Old Weaver Trail, Creedmoor, NC 27522, USA","['Adventure', 'Seasonal', 'Outdoor', 'Family-Friendly', 'Low', 'Free', 'Year-Round']",0,100,1,10,1
32,mountains to sea trail segment 10 parking,"{'lat': 36.0843747, 'lng': -78.824441}",1,14,,"Durham, NC 27704, USA","['Adventure', 'Meetup', 'Outdoor', 'Family-Friendly', 'Low', 'Free', 'Year-Round']",0,100,1,100,6
33,raleigh-durham international airport observation park,"{'lat': 35.88350479999999, 'lng': -78.7842237}",1,1121,,"W International Dr, Morrisville, NC 27560, USA","['Entertainment', 'Seasonal', 'Outdoor', 'Family-Friendly', 'Low', 'Free', 'Year-Round']",0,100,1,100,1
34,west point on the eno park,"{'lat': 36.0693421, 'lng': -78.9090388}",1,1190,"[{'close': {'day': 0, 'time': '2000'}, 'open': {'day': 0, 'time': '0800'}}, {'close': {'day': 1, 'time': '2000'}, 'open': {'day': 1, 'time': '0800'}}, {'close': {'day': 2, 'time': '2000'}, 'open': {'day': 2, 'time': '0800'}}, {'close': {'day': 3, 'time': '2000'}, 'open': {'day': 3, 'time': '0800'}}, {'close': {'day': 4, 'time': '2000'}, 'open': {'day': 4, 'time': '0800'}}, {'close': {'day': 5, 'time': '2000'}, 'open': {'day': 5, 'time': '0800'}}, {'close': {'day': 6, 'time': '2000'}, 'open': {'day': 6, 'time': '0800'}}]","5101 N Roxboro St, Durham, NC 27704, USA","['Relaxing', 'Seasonal', 'Outdoor', 'Family-Friendly', 'Low', 'Free', 'Year-Round']",0,100,1,100,6
35,bull city food and beer experience,"Durham, NC",2,0,,"Durham, NC","['Entertainment', 'Festival', 'Mixed', 'Adults-Only', 'Low', 'Budget-Friendly', 'Year-Round']",21,100,1,100,4
36,third friday art walk,"Durham, NC",1,10,,"Downtown Durham, NC (Various Locations)","['Cultural', 'Festival', 'Mixed', 'Family-Friendly', 'Low', 'Free', 'Year-Round']",0,100,1,100,3
37,holi celebration,"Durham, NC",1,5,,"Durham, NC, USA","['Cultural', 'Festival', 'Outdoor', 'Family-Friendly', 'Low', 'Free', 'Spring']",0,100,1,100,3
38,durham bulls opening day,"Durham, NC",1,500,,"409 Blackwell St, Durham, NC 27701","['Entertainment', 'Game', 'Outdoor', 'Family-Friendly', 'Low', 'Budget-Friendly', 'Spring']",0,100,1,20,3
39,full frame documentary film festival,"Durham, NC",2,0,,"Multiple Venues, Durham, NC (Venues vary each year)","['Cultural', 'Festival', 'Indoor', 'Adults-Only', 'Low', 'Budget-Friendly', 'Spring']",18,100,1,15,48
40,biscuits & banjos festival,"Durham, NC",1,0,,"Durham, NC","['Entertainment', 'Festival', 'Outdoor', 'Family-Friendly', 'Low', 'Free', 'Spring']",0,100,1,15,6
41,bull city beer mile,"Durham, NC",1,0,,"Durham, NC","['Entertainment', 'Game', 'Outdoor', 'Adults-Only', 'High', 'Budget-Friendly', 'Year-Round']",21,100,1,15,2
42,durham earth day festival,"Durham, NC",1,0,,"Durham Central Park, 501 Foster St, Durham, NC 27701","['Educational', 'Festival', 'Outdoor', 'Family-Friendly', 'Low', 'Free', 'Spring']",0,100,1,100,4
43,beats n bars block party,"Durham, NC",1,0,,"Durham, NC","['Entertainment', 'Festival', 'Outdoor', 'Family-Friendly', 'Low', 'Free', 'Summer']",0,100,1,100,6
44,bimb√© cultural arts festival,"Durham, NC",1,5,,"300 West Main Street, Durham, NC 27701","['Cultural', 'Festival', 'Outdoor', 'Family-Friendly', 'Low', 'Free', 'Spring']",0,100,1,100,6
45,acc baseball championship,"Durham, NC",2,100,,"Durham Bulls Athletic Park, 409 Blackwell St, Durham, NC 27701","['Entertainment', 'Game', 'Outdoor', 'Family-Friendly', 'Low', 'Budget-Friendly', 'Spring']",0,100,1,100,3
46,freaknik spring fling,"Durham, NC",2,0,,"Durham, NC","['Entertainment', 'Festival', 'Outdoor', 'Adults-Only', 'Medium', 'Budget-Friendly', 'Spring']",21,100,1,20,12
48,skyhigh reunion: spring fling,"Durham, NC",2,0,,"Durham, NC","['Social', 'Meetup', 'Outdoor', 'Adults-Only', 'Low', 'Budget-Friendly', 'Spring']",21,100,1,100,4
49,spring fling,"Durham, NC",1,0,,"Varies, check specific Spring Fling event in Durham, NC","['Entertainment', 'Festival', 'Outdoor', 'Family-Friendly', 'Low', 'Free', 'Spring']",0,100,1,100,6
50,southern seasonal: spring has sprung!,"Durham, NC",2,12,,"Durham Central Park, 501 Foster St, Durham, NC 27701","['Entertainment', 'Seasonal', 'Mixed', 'Family-Friendly', 'Low', 'Budget-Friendly', 'Spring']",0,100,1,100,3
51,ncsu nsbe spring gala 25',"Durham, NC",2,0,,"Durham, NC","['Social', 'Meetup', 'Indoor', 'Adults-Only', 'Low', 'Budget-Friendly', 'Spring']",18,100,1,100,4
52,easter spring candle-making workshop at gizmo brew works,"Durham, NC",2,0,,"308 S Roxboro St, Durham, NC 27701","['Entertainment', 'Workshop', 'Indoor', 'Adults-Only', 'Low', 'Budget-Friendly', 'Spring']",21,100,1,100,2
53,sip into spring wine tasting,"Durham, NC",2,22,,"Durham, NC","['Entertainment', 'Seasonal', 'Mixed', 'Adults-Only', 'Low', 'Budget-Friendly', 'Spring']",21,100,1,100,2
54,diy wooden bead -spring wreaths!,"Durham, NC",1,0,,"Durham, NC","['Relaxing', 'Workshop', 'Indoor', 'Adults-Only', 'Low', 'Budget-Friendly', 'Spring']",18,100,1,12,2
55,keep durham beautiful events,"Durham, NC",1,0,,"721 Foster St, Durham, NC 27701","['Social', 'Meetup', 'Outdoor', 'Family-Friendly', 'Low', 'Free', 'Year-Round']",0,100,1,30,2
56,durham garden tour,"Durham, NC",1,15,,"Sarah P. Duke Gardens, 420 Anderson St, Durham, NC 27708","['Relaxing', 'Meetup', 'Outdoor', 'Adults-Only', 'Low', 'Budget-Friendly', 'Spring']",0,100,1,30,2
57,plant & seed swap,"Durham, NC",1,0,,"Durham, NC","['Social', 'Meetup', 'Outdoor', 'Family-Friendly', 'Low', 'Free', 'Spring']",0,100,1,30,2
58,4th annual durham bee day celebration,"Durham, NC",1,0,,"Durham, NC, USA","['Educational', 'Festival', 'Outdoor', 'Family-Friendly', 'Low', 'Free', 'Summer']",0,100,1,30,4
59,rhythm & reels concert & movie series,"Durham, NC",1,0,,"Durham Central Park, 501 Foster St, Durham, NC 27701","['Entertainment', 'Concert', 'Outdoor', 'Family-Friendly', 'Low', 'Free', 'Summer']",0,100,1,30,2.5
60,july 4th celebration,"Durham, NC",1,0,,"Durham, NC, USA","['Entertainment', 'Festival', 'Outdoor', 'Family-Friendly', 'Low', 'Free', 'Summer']",0,100,1,30,4
61,durham fiesta latina,"Durham, NC",4,0,,"311 E Trinity Ave, Durham, NC 27701","['Cultural', 'Festival', 'Outdoor', 'Family-Friendly', 'Low', 'Free', 'Year-Round']",0,100,1,30,6
62,juneteenth celebration,"Durham, NC",1,5,,"Durham, NC","['Cultural', 'Festival', 'Outdoor', 'Family-Friendly', 'Low', 'Free', 'Summer']",0,100,1,30,6
63,fall festivals,"Durham, NC",3,100,,"Durham, NC","['Entertainment', 'Festival', 'Outdoor', 'Family-Friendly', 'Low', 'Budget-Friendly', 'Fall']",0,100,1,30,6
64,southern seasonal: welcome fall!,"Durham, NC",2,120,,"5959 Holly Springs Pkwy, Holly Springs, NC 27540","['Entertainment', 'Seasonal', 'Mixed', 'Family-Friendly', 'Low', 'Budget-Friendly', 'Fall']",0,100,1,30,4
65,barktoberfest,"Durham, NC",1,0,,"Durham, NC (Check specific event listing for exact address as it may vary year to year)","['Entertainment', 'Festival', 'Outdoor', 'Family-Friendly', 'Low', 'Free', 'Fall']",0,100,1,30,4
66,thanksgiving market,"Durham, NC",1,10,,"Durham Central Park, 501 Foster St, Durham, NC 27701","['Social', 'Seasonal', 'Outdoor', 'Family-Friendly', 'Low', 'Budget-Friendly', 'Fall']",0,100,1,30,4
67,santa paws,"Durham, NC",1,5,,"Durham, NC","['Entertainment', 'Seasonal', 'Outdoor', 'Family-Friendly', 'Low', 'Budget-Friendly', 'Winter']",0,100,1,10,3
68,senior holiday party,"Durham, NC",1,0,,"Durham, NC","['Social', 'Seasonal', 'Indoor', 'Adults-Only', 'Low', 'Budget-Friendly', 'Winter']",55,100,1,10,2.5
69,holiday parade,"Durham, NC",1,10,,"Downtown Durham, Durham, NC","['Entertainment', 'Seasonal', 'Outdoor', 'Family-Friendly', 'Low', 'Free', 'Winter']",0,100,1,100,2
70,solstice: a winter circus experience,"Durham, NC",3,0,,"723 Rigsbee Ave, Durham, NC 27701","['Entertainment', 'Seasonal', 'Indoor', 'Family-Friendly', 'Low', 'Expensive', 'Winter']",0,100,1,20,2
71,durham farmers market (winter),"Durham, NC",1,100,,"501 Foster St, Durham, NC 27701","['Social', 'Seasonal', 'Indoor', 'Family-Friendly', 'Low', 'Budget-Friendly', 'Winter']",0,100,1,100,2
72,first day hike (eno river state park),"Durham, NC",1,0,,"6101 Cole Mill Rd, Durham, NC 27705","['Adventure', 'Meetup', 'Outdoor', 'Family-Friendly', 'Low', 'Free', 'Year-Round']",0,100,1,100,2
73,nc science festival events,"Durham, NC",1,0,,"Durham, NC (Various Locations)","['Educational', 'Festival', 'Mixed', 'Family-Friendly', 'Low', 'Free', 'Spring']",0,100,1,100,4
74,easter at the jug,"Durham, NC",2,0,,"8300 Old Stage Rd, Bahama, NC 27503","['Family-Friendly', 'Seasonal', 'Outdoor', 'Family-Friendly', 'Low', 'Budget-Friendly', 'Spring']",0,100,1,100,3
75,20th annual strawberry festival,"Durham, NC",1,10,,Not Available,"['Entertainment', 'Festival', 'Outdoor', 'Family-Friendly', 'Low', 'Budget-Friendly', 'Spring']",0,100,1,100,6
76,geek and grub market (may the 4th be with you edition),"Durham, NC",1,5,,"Durham Central Park, 501 Foster St, Durham, NC 27701","['Entertainment', 'Festival', 'Outdoor', 'Family-Friendly', 'Low', 'Budget-Friendly', 'Spring']",0,100,1,100,6
77,taste of soul nc,"Durham, NC",1,0,,"Durham, NC, USA","['Cultural', 'Festival', 'Outdoor', 'Family-Friendly', 'Low', 'Free', 'Year-Round']",0,100,1,100,6
78,durham craft market (saturdays),"Durham, NC",1,50,,"805 Gilbert St, Durham, NC 27701","['Entertainment', 'Market', 'Outdoor', 'Family-Friendly', 'Low', 'Budget-Friendly', 'Year-Round']",0,100,1,100,4
79,art market durham (saturdays),"Durham, NC",1,24,,"501 Foster St, Durham, NC 27701","['Cultural', 'Meetup', 'Outdoor', 'Family-Friendly', 'Low', 'Free', 'Year-Round']",0,100,1,10,4
80,south durham farmers market (saturdays),"Durham, NC",1,100,,"5410 Page Rd, Durham, NC 27703","['Social', 'Meetup', 'Outdoor', 'Family-Friendly', 'Low', 'Budget-Friendly', 'Year-Round']",0,100,1,20,3
81,go ape treetop adventure - durham,"Durham, NC",2,163,,"1600 W Carver St, Durham, NC 27704","['Adventure', 'Seasonal', 'Outdoor', 'Family-Friendly', 'Medium', 'Budget-Friendly', 'Year-Round']",10,100,1,20,2.5
82,kersey valley zipline,"Durham, NC",2,1367,,"1615 Kersey Valley Rd, Archdale, NC 27263","['Adventure', 'Seasonal', 'Outdoor', 'Family-Friendly', 'Medium', 'Budget-Friendly', 'Year-Round']",5,100,1,20,2
83,paraclete xp indoor skydiving,"Durham, NC",3,4300,,"190 Paraclete Dr, Raeford, NC 28376","['Adventure', 'Meetup', 'Indoor', 'Family-Friendly', 'Medium', 'Expensive', 'Year-Round']",3,100,1,12,1.5
84,skydive central nc,"Durham, NC",4,179,,"4900A Central Carolina Dr, Sanford, NC 27330","['Adventure', 'Meetup', 'Outdoor', 'Adults-Only', 'High', 'Expensive', 'Year-Round']",18,100,1,10,2
85,triangle rock club - climbing,"Durham, NC",2,224,,"1010 Oval Dr, Durham, NC 27705","['Adventure', 'Meetup', 'Indoor', 'Family-Friendly', 'Medium', 'Budget-Friendly', 'Year-Round']",5,100,1,15,2
86,eno river hiking (difficult trails),"Durham, NC",1,200,,"6101 Cole Mill Rd, Durham, NC 27705","['Adventure', 'Meetup', 'Outdoor', 'Adults-Only', 'High', 'Free', 'Year-Round']",18,100,1,15,3
87,west point mtb trails,"Durham, NC",1,25,,"4300 Erwin Rd, Durham, NC 27705","['Adventure', 'Meetup', 'Outdoor', 'Adults-Only', 'High', 'Free', 'Year-Round']",16,65,1,10,2
88,eno river kayaking (long trip),"Durham, NC",2,220,,"6101 Cole Mill Rd, Durham, NC 27705","['Adventure', 'Meetup', 'Outdoor', 'Adults-Only', 'Medium', 'Budget-Friendly', 'Year-Round']",16,100,1,10,3
89,pilot mountain rock climbing,"Durham, NC",1,0,,"1792 Pilot Knob Park Rd, Pinnacle, NC 27043","['Adventure', 'Meetup', 'Outdoor', 'Adults-Only', 'High', 'Budget-Friendly', 'Year-Round']",18,100,1,10,4
90,haw river hiking (challenging),"Durham, NC",4,0,,"Durham, NC","['Adventure', 'Meetup', 'Outdoor', 'Adults-Only', 'High', 'Free', 'Year-Round']",0,100,1,10,3
91,harris lake mtb trails (advanced),"Durham, NC",1,50,,"2112 County Durham Dr, Durham, NC 27703","['Adventure', 'Meetup', 'Outdoor', 'Adults-Only', 'High', 'Free', 'Year-Round']",16,65,1,10,2
92,disc golf (championship course),"Durham, NC",1,150,,"Durham, NC","['Social', 'Game', 'Outdoor', 'Family-Friendly', 'Medium', 'Budget-Friendly', 'Year-Round']",5,99,1,5,2
93,orienteering event (advanced course),"Durham, NC",1,0,,"Durham, NC","['Adventure', 'Game', 'Outdoor', 'Adults-Only', 'High', 'Budget-Friendly', 'Year-Round']",16,100,1,5,3
94,caving/spelunking (organized tours - regional),"Durham, NC",2,10,,"Durham, NC","['Adventure', 'Meetup', 'Outdoor', 'Adults-Only', 'Medium', 'Budget-Friendly', 'Year-Round']",16,100,1,10,4
95,whitewater rafting (day trip - nearby rivers),"Durham, NC",2,48,,"Durham, NC","['Adventure', 'Meetup', 'Outdoor', 'Family-Friendly', 'High', 'Budget-Friendly', 'Spring']",8,100,2,8,6
96,wine tasting at the wine feed,"Durham, NC",2,147,,"307 S Roxboro St, Durham, NC 27701","['Social', 'Meetup', 'Indoor', 'Adults-Only', 'Low', 'Budget-Friendly', 'Year-Round']",21,100,1,8,1.5
97,wine tasting at uncorked,"Durham, NC",2,224,,"105 W Morgan St, Durham, NC 27701","['Entertainment', 'Meetup', 'Indoor', 'Adults-Only', 'Low', 'Budget-Friendly', 'Year-Round']",21,100,1,8,1.5
98,cooking class at durham co-op market,"Durham, NC",2,50,,"537 Foster St, Durham, NC 27701","['Educational', 'Workshop', 'Indoor', 'Adults-Only', 'Low', 'Budget-Friendly', 'Year-Round']",18,100,1,8,2
99,cooking class at southern season (chapel hill),"Durham, NC",3,4,,"8100 Renaissance Pkwy Ste 120 Durham, NC 27713","['Educational', 'Workshop', 'Indoor', 'Adults-Only', 'Low', 'Expensive', 'Year-Round']",18,100,1,16,2.5
100,art workshop at the carrack modern art,"Durham, NC",1,0,,"111 W Parrish St, Durham, NC 27701","['Educational', 'Workshop', 'Indoor', 'Adults-Only', 'Low', 'Budget-Friendly', 'Year-Round']",0,100,1,16,3
101,art workshop at durham arts council,"Durham, NC",2,10,,"120 Morris St, Durham, NC 27701","['Educational', 'Workshop', 'Indoor', 'Adults-Only', 'Low', 'Budget-Friendly', 'Year-Round']",16,100,1,20,3
102,pottery night at claymakers,"Durham, NC",2,27,,"602 E Main St, Durham, NC 27701","['Creative', 'Workshop', 'Indoor', 'Adults-Only', 'Low', 'Budget-Friendly', 'Year-Round']",21,100,1,10,2
103,pottery class at the durham studio school,"Durham, NC",2,0,,"550 Foster St Suite 1, Durham, NC 27701","['Educational', 'Workshop', 'Indoor', 'Adults-Only', 'Low', 'Budget-Friendly', 'Year-Round']",16,100,1,10,2.5
104,guided hike at eno river state park,"Durham, NC",1,220,,"6101 Cole Mill Rd, Durham, NC 27705","['Educational', 'Meetup', 'Outdoor', 'Family-Friendly', 'Low', 'Free', 'Year-Round']",0,100,1,15,2
105,guided hike with triangle land conservancy,"Durham, NC",1,0,,"Triangle Land Conservancy, 121 N Churton St, Hillsborough, NC 27278","['Educational', 'Meetup', 'Outdoor', 'Family-Friendly', 'Low', 'Free', 'Year-Round']",0,100,1,15,2
106,ghost tour of downtown durham,"Durham, NC",2,120,,"212 W Main St, Durham, NC 27701","['Entertainment', 'Seasonal', 'Outdoor', 'Family-Friendly', 'Low', 'Budget-Friendly', 'Year-Round']",8,100,1,25,1.5
107,tobacco road tours - haunted durham,"Durham, NC",2,150,,"305 W Main St, Durham, NC 27701","['Entertainment', 'Seasonal', 'Outdoor', 'Adults-Only', 'Low', 'Budget-Friendly', 'Year-Round']",16,100,1,25,1.5
108,wine & design (paint & sip),"Durham, NC",2,250,,"4810 Hope Valley Rd Ste 103, Durham, NC 27707","['Entertainment', 'Workshop', 'Indoor', 'Adults-Only', 'Low', 'Budget-Friendly', 'Year-Round']",21,100,1,25,2
109,ar workshop durham (diy crafts),"Durham, NC",2,200,,"703 Ninth Street Suite 200, Durham, NC 27705","['Entertainment', 'Workshop', 'Indoor', 'Family-Friendly', 'Low', 'Budget-Friendly', 'Year-Round']",5,100,1,30,3
110,bull city craft - workshops,"Durham, NC",2,15,,"1125 W Chapel Hill St, Durham, NC 27707","['Educational', 'Workshop', 'Indoor', 'Adults-Only', 'Low', 'Budget-Friendly', 'Year-Round']",18,100,1,12,2
111,cooking at the kitchen specialist,"Durham, NC",2,12,,"213 W Main St, Durham, NC 27701","['Educational', 'Workshop', 'Indoor', 'Adults-Only', 'Low', 'Budget-Friendly', 'Year-Round']",18,100,1,12,2.5
112,eno river kayak tours (guided),"Durham, NC",2,135,,"6101 Cole Mill Rd, Durham, NC 27705","['Adventure', 'Meetup', 'Outdoor', 'Family-Friendly', 'Medium', 'Budget-Friendly', 'Year-Round']",6,100,1,10,2.5
113,fullsteam brewery tours & tastings,"Durham, NC",1,757,,"726 Rigsbee Ave, Durham, NC 27701","['Entertainment', 'Meetup', 'Indoor', 'Adults-Only', 'Low', 'Budget-Friendly', 'Year-Round']",21,100,1,15,1
